id,nombre_empresa,sector,comuna,ingresos,empleados,anio_fund,grande
1,Empresa_0001,Comercio,12,984817637,29,2010,FALSE
2,Empresa_0002,Tecnología,8,514892597,21,2013,FALSE
3,Empresa_0003,Servicios,10,491123210,30,1988,FALSE
4,Empresa_0004,Tecnología,9,2258821668,21,2014,FALSE
5,Empresa_0005,Salud,11,553706234,24,2000,FALSE
6,Empresa_0006,Comercio,20,161377095,29,1988,FALSE
7,Empresa_0007,Servicios,12,177370736,22,1984,FALSE
8,Empresa_0008,Tecnología,12,385385956,27,2014,FALSE
9,Empresa_0009,Servicios,14,712336714,24,1978,FALSE
10,Empresa_0010,Servicios,6,245506991,49,1993,FALSE
11,Empresa_0011,Salud,9,410083411,13,1976,FALSE
12,Empresa_0012,Servicios,6,145870419,35,1983,FALSE
13,Empresa_0013,Manufactura,8,383276480,20,1975,FALSE
14,Empresa_0014,Servicios,4,312074881,33,2023,FALSE
15,Empresa_0015,Comercio,5,506139523,24,1986,FALSE
16,Empresa_0016,Tecnología,10,1412165705,39,2022,FALSE
17,Empresa_0017,Comercio,11,345345785,39,1993,FALSE
18,Empresa_0018,Comercio,10,424003771,29,2015,FALSE
19,Empresa_0019,Servicios,7,371239042,25,1982,FALSE
20,Empresa_0020,Salud,7,804238974,29,1990,FALSE
21,Empresa_0021,Tecnología,6,330769803,24,1990,FALSE
22,Empresa_0022,Manufactura,11,212616673,27,2022,FALSE
23,Empresa_0023,Manufactura,13,563654408,31,2017,FALSE
24,Empresa_0024,Salud,1,207042056,24,1997,FALSE
25,Empresa_0025,Manufactura,14,163684208,22,1994,FALSE
26,Empresa_0026,Manufactura,9,333535968,27,2011,FALSE
27,Empresa_0027,Servicios,12,285336312,22,2010,FALSE
28,Empresa_0028,Manufactura,9,475138278,26,2016,FALSE
29,Empresa_0029,Comercio,8,222656878,32,2003,FALSE
30,Empresa_0030,Comercio,14,741989030,23,2021,FALSE
31,Empresa_0031,Salud,9,315159694,47,1977,FALSE
32,Empresa_0032,Salud,5,309302195,19,1980,FALSE
33,Empresa_0033,Manufactura,12,257036238,28,1994,FALSE
34,Empresa_0034,Tecnología,14,,26,2006,FALSE
35,Empresa_0035,Comercio,6,184806126,17,1985,FALSE
36,Empresa_0036,Servicios,7,359156338,31,1984,FALSE
37,Empresa_0037,Manufactura,6,598911926,24,1980,FALSE
38,Empresa_0038,Comercio,13,117676503,18,2018,FALSE
39,Empresa_0039,Servicios,11,285040298,26,1993,FALSE
40,Empresa_0040,Comercio,9,786995908,26,2020,FALSE
41,Empresa_0041,Comercio,2,197749804,30,2006,FALSE
42,Empresa_0042,Servicios,14,428969511,19,1988,FALSE
43,Empresa_0043,Servicios,13,159541957,26,1988,FALSE
44,Empresa_0044,Servicios,10,336198346,15,1993,FALSE
45,Empresa_0045,Comercio,7,302135514,28,1999,FALSE
46,Empresa_0046,Comercio,11,355806248,26,1989,FALSE
47,Empresa_0047,Comercio,17,357925507,35,2022,FALSE
48,Empresa_0048,Servicios,9,563431642,23,2015,FALSE
49,Empresa_0049,Comercio,11,743803454,16,2017,FALSE
50,Empresa_0050,Tecnología,10,222343462,14,1999,FALSE
51,Empresa_0051,Comercio,8,221888072,25,2011,FALSE
52,Empresa_0052,Servicios,14,,18,1981,FALSE
53,Empresa_0053,Tecnología,22,211862271,15,1995,FALSE
54,Empresa_0054,Comercio,6,764596501,23,1992,FALSE
55,Empresa_0055,Servicios,12,418778966,23,2000,FALSE
56,Empresa_0056,Comercio,12,399421963,24,2009,FALSE
57,Empresa_0057,Comercio,19,183344100,27,2008,FALSE
58,Empresa_0058,Manufactura,10,1233794985,33,2013,FALSE
59,Empresa_0059,Tecnología,9,1130559334,36,1997,FALSE
60,Empresa_0060,Servicios,4,137077096,32,1982,FALSE
61,Empresa_0061,Manufactura,12,1213355991,23,1985,FALSE
62,Empresa_0062,Comercio,9,259309130,34,1984,FALSE
63,Empresa_0063,Servicios,13,216094203,38,2016,FALSE
64,Empresa_0064,Comercio,12,158316236,19,1978,FALSE
65,Empresa_0065,Tecnología,13,184964455,43,2013,FALSE
66,Empresa_0066,Servicios,11,400671857,20,1975,FALSE
67,Empresa_0067,Tecnología,10,244951971,45,2001,FALSE
68,Empresa_0068,Tecnología,10,185814442,31,2006,FALSE
69,Empresa_0069,Tecnología,12,264440650,27,1995,FALSE
70,Empresa_0070,Servicios,7,442209702,24,1989,FALSE
71,Empresa_0071,Manufactura,10,256962225,23,1987,FALSE
72,Empresa_0072,Manufactura,10,316079804,24,2003,FALSE
73,Empresa_0073,Manufactura,14,184797403,21,2005,FALSE
74,Empresa_0074,Comercio,7,291438472,19,1979,FALSE
75,Empresa_0075,Servicios,16,214351054,22,1989,FALSE
76,Empresa_0076,Comercio,6,549882735,19,1999,FALSE
77,Empresa_0077,Servicios,9,329449425,24,1975,FALSE
78,Empresa_0078,Manufactura,6,188866348,27,2003,FALSE
79,Empresa_0079,Servicios,4,854500128,28,2011,FALSE
80,Empresa_0080,Comercio,13,242578279,21,1977,FALSE
81,Empresa_0081,Comercio,9,146351801,26,1987,FALSE
82,Empresa_0082,Manufactura,3,134757048,18,2022,FALSE
83,Empresa_0083,Servicios,6,445684457,28,2017,FALSE
84,Empresa_0084,Tecnología,10,120419162,18,2023,FALSE
85,Empresa_0085,Comercio,14,891257951,33,2006,FALSE
86,Empresa_0086,Servicios,18,140002382,19,2020,FALSE
87,Empresa_0087,Salud,8,146394962,20,1998,FALSE
88,Empresa_0088,Tecnología,11,140600254,24,1979,FALSE
89,Empresa_0089,Tecnología,11,203741666,20,1991,FALSE
90,Empresa_0090,Comercio,11,558613809,31,1997,FALSE
91,Empresa_0091,Comercio,7,92243961,29,1977,FALSE
92,Empresa_0092,Manufactura,14,307569525,22,1990,FALSE
93,Empresa_0093,Servicios,6,171915584,12,2006,FALSE
94,Empresa_0094,Manufactura,7,115414220,20,2015,FALSE
95,Empresa_0095,Servicios,15,298615144,26,2001,FALSE
96,Empresa_0096,Comercio,14,54990953,22,2005,FALSE
97,Empresa_0097,Tecnología,9,168845634,44,1986,FALSE
98,Empresa_0098,Comercio,8,912624872,37,2015,FALSE
99,Empresa_0099,Servicios,9,858992495,30,1977,FALSE
100,Empresa_0100,Servicios,5,590989682,30,1986,FALSE
101,Empresa_0101,Manufactura,3,2547240665,48,1983,FALSE
102,Empresa_0102,Servicios,7,224884476,35,1991,FALSE
103,Empresa_0103,Servicios,16,932074150,16,2012,FALSE
104,Empresa_0104,Salud,7,123427167,16,2015,FALSE
105,Empresa_0105,Servicios,6,455090284,24,1998,FALSE
106,Empresa_0106,Tecnología,7,129337215,30,2000,FALSE
107,Empresa_0107,Salud,14,449515857,26,1975,FALSE
108,Empresa_0108,Manufactura,17,75193902,24,1985,FALSE
109,Empresa_0109,Servicios,15,131019835,28,1997,FALSE
110,Empresa_0110,Comercio,9,95783810,30,1994,FALSE
111,Empresa_0111,Salud,9,267203426,37,1977,FALSE
112,Empresa_0112,Servicios,9,312788302,26,1981,FALSE
113,Empresa_0113,Comercio,16,152750425,14,1996,FALSE
114,Empresa_0114,Salud,7,788094276,22,2012,FALSE
115,Empresa_0115,Manufactura,11,902692297,25,2021,FALSE
116,Empresa_0116,Comercio,2,680234584,36,1979,FALSE
117,Empresa_0117,Servicios,7,257396786,24,1994,FALSE
118,Empresa_0118,Salud,7,362254303,25,1992,FALSE
119,Empresa_0119,Manufactura,8,348535516,47,2018,FALSE
120,Empresa_0120,Servicios,11,575060719,27,2004,FALSE
121,Empresa_0121,Manufactura,5,264123839,11,2004,FALSE
122,Empresa_0122,Servicios,9,183962048,27,2022,FALSE
123,Empresa_0123,Servicios,8,446587499,35,1997,FALSE
124,Empresa_0124,Comercio,16,68156178,26,2005,FALSE
125,Empresa_0125,Servicios,6,203899579,15,2024,FALSE
126,Empresa_0126,Salud,6,239537509,24,2013,FALSE
127,Empresa_0127,Comercio,8,154826595,27,2016,FALSE
128,Empresa_0128,Comercio,7,462570314,34,2012,FALSE
129,Empresa_0129,Comercio,10,351720534,26,2019,FALSE
130,Empresa_0130,Manufactura,5,713331413,48,2022,FALSE
131,Empresa_0131,Manufactura,4,336016053,22,2012,FALSE
132,Empresa_0132,Tecnología,10,234786915,19,2015,FALSE
133,Empresa_0133,Manufactura,5,170292199,30,1983,FALSE
134,Empresa_0134,Manufactura,13,319904105,27,2012,FALSE
135,Empresa_0135,Servicios,2,1116821117,28,1981,FALSE
136,Empresa_0136,Manufactura,10,126982899,53,2004,FALSE
137,Empresa_0137,Tecnología,7,506064737,24,2022,FALSE
138,Empresa_0138,Tecnología,4,253814144,20,1982,FALSE
139,Empresa_0139,Salud,16,152136482,22,2021,FALSE
140,Empresa_0140,Servicios,9,465186757,35,1995,FALSE
141,Empresa_0141,Servicios,21,215522076,12,1976,FALSE
142,Empresa_0142,Servicios,12,612201253,20,2003,FALSE
143,Empresa_0143,Comercio,8,156243611,22,1998,FALSE
144,Empresa_0144,Comercio,8,97387599,39,2002,FALSE
145,Empresa_0145,Tecnología,9,140035450,20,2001,FALSE
146,Empresa_0146,Comercio,10,92821878,14,2004,FALSE
147,Empresa_0147,Comercio,8,399570066,23,1999,FALSE
148,Empresa_0148,Comercio,8,186571559,15,2024,FALSE
149,Empresa_0149,Comercio,8,336213722,15,2017,FALSE
150,Empresa_0150,Manufactura,11,389557632,21,2017,FALSE
151,Empresa_0151,Tecnología,7,775634061,17,1984,FALSE
152,Empresa_0152,Servicios,10,572175234,31,2011,FALSE
153,Empresa_0153,Servicios,2,623884320,20,1984,FALSE
154,Empresa_0154,Comercio,9,155335800,15,2023,FALSE
155,Empresa_0155,Comercio,8,116340596,21,1997,FALSE
156,Empresa_0156,Servicios,2,443144206,31,2002,FALSE
157,Empresa_0157,Servicios,13,525437728,25,2002,FALSE
158,Empresa_0158,Comercio,9,172668817,33,2011,FALSE
159,Empresa_0159,Servicios,8,369749386,24,1996,FALSE
160,Empresa_0160,Comercio,12,192543624,27,1997,FALSE
161,Empresa_0161,Servicios,12,,26,1975,FALSE
162,Empresa_0162,Servicios,12,163720911,21,1978,FALSE
163,Empresa_0163,Manufactura,13,242825824,38,2024,FALSE
164,Empresa_0164,Servicios,10,51264309,27,2023,FALSE
165,Empresa_0165,Servicios,17,169613842,10,1982,FALSE
166,Empresa_0166,Servicios,7,137540825,22,2010,FALSE
167,Empresa_0167,Manufactura,7,324966968,39,1995,FALSE
168,Empresa_0168,Comercio,10,147745618,28,2016,FALSE
169,Empresa_0169,Servicios,14,243433966,18,2022,FALSE
170,Empresa_0170,Comercio,12,214751007,27,2001,FALSE
171,Empresa_0171,Manufactura,5,487811788,15,2014,FALSE
172,Empresa_0172,Comercio,9,462662708,27,2020,FALSE
173,Empresa_0173,Tecnología,15,515619025,22,1990,FALSE
174,Empresa_0174,Manufactura,11,86172725,29,2005,FALSE
175,Empresa_0175,Manufactura,11,420740654,23,1996,FALSE
176,Empresa_0176,Manufactura,13,67398620,26,1999,FALSE
177,Empresa_0177,Servicios,19,1856626544,33,2011,FALSE
178,Empresa_0178,Servicios,9,357461826,27,1990,FALSE
179,Empresa_0179,Tecnología,8,145820237,26,1999,FALSE
180,Empresa_0180,Manufactura,8,409079583,41,2017,FALSE
181,Empresa_0181,Tecnología,12,528668847,31,1989,FALSE
182,Empresa_0182,Servicios,6,382194500,22,2017,FALSE
183,Empresa_0183,Manufactura,3,506920651,18,1994,FALSE
184,Empresa_0184,Comercio,13,28757734,50,2006,FALSE
185,Empresa_0185,Manufactura,17,671001870,41,1988,FALSE
186,Empresa_0186,Servicios,14,99340189,27,1983,FALSE
187,Empresa_0187,Comercio,10,322654028,21,2010,FALSE
188,Empresa_0188,Servicios,10,126924383,26,2002,FALSE
189,Empresa_0189,Salud,10,400127128,31,2009,FALSE
190,Empresa_0190,Salud,12,442872626,18,2007,FALSE
191,Empresa_0191,Comercio,9,1161329778,19,1994,FALSE
192,Empresa_0192,Servicios,11,276574308,32,2012,FALSE
193,Empresa_0193,Salud,7,1282192061,21,1999,FALSE
194,Empresa_0194,Manufactura,8,94229442,17,1986,FALSE
195,Empresa_0195,Salud,7,252457141,19,2011,FALSE
196,Empresa_0196,Servicios,15,209350196,37,1991,FALSE
197,Empresa_0197,Servicios,13,,17,2020,FALSE
198,Empresa_0198,Manufactura,8,274099088,20,2009,FALSE
199,Empresa_0199,Comercio,6,491917159,32,2001,FALSE
200,Empresa_0200,Servicios,9,67613640,21,2021,FALSE
201,Empresa_0201,Comercio,11,150206937,19,2003,FALSE
202,Empresa_0202,Salud,13,115524923,27,2021,FALSE
203,Empresa_0203,Manufactura,10,788124052,34,2010,FALSE
204,Empresa_0204,Servicios,16,419456699,20,1980,FALSE
205,Empresa_0205,Servicios,16,480118897,49,1978,FALSE
206,Empresa_0206,Tecnología,12,1222506945,35,2017,FALSE
207,Empresa_0207,Servicios,5,309073873,29,1989,FALSE
208,Empresa_0208,Comercio,11,373099145,28,2007,FALSE
209,Empresa_0209,Comercio,9,142903333,31,1975,FALSE
210,Empresa_0210,Comercio,12,1370286434,28,2005,FALSE
211,Empresa_0211,Servicios,12,220042928,22,2018,FALSE
212,Empresa_0212,Comercio,8,110594597,23,1976,FALSE
213,Empresa_0213,Comercio,10,189211488,21,2008,FALSE
214,Empresa_0214,Manufactura,12,1124277942,19,1988,FALSE
215,Empresa_0215,Comercio,9,103369011,18,2021,FALSE
216,Empresa_0216,Manufactura,5,428712179,22,1986,FALSE
217,Empresa_0217,Servicios,7,349216554,29,1975,FALSE
218,Empresa_0218,Servicios,13,606818800,21,2021,FALSE
219,Empresa_0219,Tecnología,12,654880861,16,2023,FALSE
220,Empresa_0220,Salud,11,135995327,22,1991,FALSE
221,Empresa_0221,Comercio,12,52329869,28,2018,FALSE
222,Empresa_0222,Salud,5,1290689544,31,1976,FALSE
223,Empresa_0223,Manufactura,7,1807674577,37,1981,FALSE
224,Empresa_0224,Manufactura,8,173072632,15,2001,FALSE
225,Empresa_0225,Comercio,15,746577371,32,2003,FALSE
226,Empresa_0226,Servicios,11,378574540,23,1989,FALSE
227,Empresa_0227,Servicios,7,196311064,26,1977,FALSE
228,Empresa_0228,Servicios,12,500684575,24,1989,FALSE
229,Empresa_0229,Manufactura,11,210671209,12,1987,FALSE
230,Empresa_0230,Salud,7,538480451,33,1979,FALSE
231,Empresa_0231,Manufactura,11,376778836,18,2014,FALSE
232,Empresa_0232,Servicios,7,384061785,22,1989,FALSE
233,Empresa_0233,Servicios,12,173024502,22,1988,FALSE
234,Empresa_0234,Comercio,10,210379146,15,1976,FALSE
235,Empresa_0235,Comercio,13,,24,2010,FALSE
236,Empresa_0236,Servicios,7,472103047,29,1976,FALSE
237,Empresa_0237,Comercio,10,218158424,12,2007,FALSE
238,Empresa_0238,Tecnología,7,399659235,18,2013,FALSE
239,Empresa_0239,Comercio,12,,24,1997,FALSE
240,Empresa_0240,Tecnología,12,185658098,30,1998,FALSE
241,Empresa_0241,Servicios,15,182839516,27,1987,FALSE
242,Empresa_0242,Manufactura,14,581026678,13,1989,FALSE
243,Empresa_0243,Comercio,12,358739821,35,2008,FALSE
244,Empresa_0244,Manufactura,7,275069714,34,1989,FALSE
245,Empresa_0245,Servicios,11,366994015,13,1994,FALSE
246,Empresa_0246,Manufactura,9,184859794,25,1994,FALSE
247,Empresa_0247,Servicios,8,301301081,21,1996,FALSE
248,Empresa_0248,Salud,9,167423761,12,2006,FALSE
249,Empresa_0249,Salud,16,172635496,13,1998,FALSE
250,Empresa_0250,Manufactura,22,460150108,24,1987,FALSE
251,Empresa_0251,Comercio,6,153621462,18,1984,FALSE
252,Empresa_0252,Comercio,15,243856589,25,1977,FALSE
253,Empresa_0253,Manufactura,4,485229183,20,1980,FALSE
254,Empresa_0254,Comercio,7,150530866,23,2005,FALSE
255,Empresa_0255,Servicios,7,1351876615,35,1995,FALSE
256,Empresa_0256,Tecnología,11,703481553,23,2008,FALSE
257,Empresa_0257,Comercio,13,,15,2011,FALSE
258,Empresa_0258,Servicios,11,78851077,16,1996,FALSE
259,Empresa_0259,Servicios,11,783824372,31,2020,FALSE
260,Empresa_0260,Tecnología,6,1091105134,24,1992,FALSE
261,Empresa_0261,Salud,14,562295806,20,1979,FALSE
262,Empresa_0262,Tecnología,10,485245491,29,2011,FALSE
263,Empresa_0263,Manufactura,11,226400297,26,1991,FALSE
264,Empresa_0264,Salud,8,107709073,26,2003,FALSE
265,Empresa_0265,Servicios,9,305379341,18,1983,FALSE
266,Empresa_0266,Servicios,6,,26,2021,FALSE
267,Empresa_0267,Servicios,7,325799522,15,2024,FALSE
268,Empresa_0268,Servicios,10,152146130,28,2020,FALSE
269,Empresa_0269,Comercio,21,1535685808,22,2008,FALSE
270,Empresa_0270,Servicios,7,196116761,27,1978,FALSE
271,Empresa_0271,Tecnología,5,490448888,19,2006,FALSE
272,Empresa_0272,Comercio,16,634022406,27,2001,FALSE
273,Empresa_0273,Comercio,4,205592735,23,2003,FALSE
274,Empresa_0274,Comercio,5,203171181,21,1982,FALSE
275,Empresa_0275,Manufactura,13,238829330,24,1977,FALSE
276,Empresa_0276,Manufactura,13,339051777,25,1978,FALSE
277,Empresa_0277,Salud,11,794250621,25,1991,FALSE
278,Empresa_0278,Servicios,9,581902839,26,1976,FALSE
279,Empresa_0279,Comercio,8,170823632,21,1984,FALSE
280,Empresa_0280,Manufactura,8,807663738,24,1992,FALSE
281,Empresa_0281,Manufactura,8,471303764,15,1998,FALSE
282,Empresa_0282,Comercio,10,89564357,34,1979,FALSE
283,Empresa_0283,Servicios,11,279145600,25,1979,FALSE
284,Empresa_0284,Comercio,8,570586894,24,2003,FALSE
285,Empresa_0285,Comercio,14,27957637,32,1991,FALSE
286,Empresa_0286,Servicios,11,263055372,33,1996,FALSE
287,Empresa_0287,Comercio,10,501334125,21,1975,FALSE
288,Empresa_0288,Comercio,9,336990700,22,1988,FALSE
289,Empresa_0289,Comercio,5,156898734,24,1986,FALSE
290,Empresa_0290,Manufactura,12,355113667,12,2020,FALSE
291,Empresa_0291,Comercio,5,172352341,23,2002,FALSE
292,Empresa_0292,Comercio,9,136642356,15,1989,FALSE
293,Empresa_0293,Comercio,10,69758929,33,1993,FALSE
294,Empresa_0294,Tecnología,10,591442700,14,1999,FALSE
295,Empresa_0295,Manufactura,14,324248597,25,1995,FALSE
296,Empresa_0296,Tecnología,14,385955243,19,1999,FALSE
297,Empresa_0297,Salud,22,1159079631,28,1989,FALSE
298,Empresa_0298,Comercio,13,90424897,22,2003,FALSE
299,Empresa_0299,Comercio,11,242497547,47,2024,FALSE
300,Empresa_0300,Tecnología,10,181834321,18,2014,FALSE
301,Empresa_0301,Tecnología,5,299977708,18,2024,FALSE
302,Empresa_0302,Comercio,14,1067875460,26,1992,FALSE
303,Empresa_0303,Manufactura,10,,28,1982,FALSE
304,Empresa_0304,Manufactura,14,,32,2023,FALSE
305,Empresa_0305,Manufactura,16,549474562,39,2021,FALSE
306,Empresa_0306,Servicios,7,100876620,26,2023,FALSE
307,Empresa_0307,Comercio,13,,20,2017,FALSE
308,Empresa_0308,Comercio,18,443008420,21,2011,FALSE
309,Empresa_0309,Servicios,19,740727209,45,2008,FALSE
310,Empresa_0310,Servicios,6,205721035,23,2007,FALSE
311,Empresa_0311,Servicios,9,,24,2010,FALSE
312,Empresa_0312,Servicios,15,515294896,22,1988,FALSE
313,Empresa_0313,Manufactura,12,337892170,22,1991,FALSE
314,Empresa_0314,Comercio,8,368505597,17,2022,FALSE
315,Empresa_0315,Servicios,11,61275287,13,2004,FALSE
316,Empresa_0316,Tecnología,11,,22,2008,FALSE
317,Empresa_0317,Tecnología,8,524272714,31,1999,FALSE
318,Empresa_0318,Comercio,18,47744624,22,1998,FALSE
319,Empresa_0319,Servicios,11,385189080,32,1995,FALSE
320,Empresa_0320,Tecnología,7,349863329,18,1998,FALSE
321,Empresa_0321,Tecnología,10,952926849,32,1998,FALSE
322,Empresa_0322,Comercio,10,97399950,39,1994,FALSE
323,Empresa_0323,Comercio,6,616762969,28,2014,FALSE
324,Empresa_0324,Manufactura,11,292812689,16,1979,FALSE
325,Empresa_0325,Comercio,10,,25,2001,FALSE
326,Empresa_0326,Comercio,9,197105399,22,1999,FALSE
327,Empresa_0327,Salud,18,226852019,17,2022,FALSE
328,Empresa_0328,Comercio,7,165075997,17,1996,FALSE
329,Empresa_0329,Servicios,10,200382567,38,1987,FALSE
330,Empresa_0330,Salud,7,,31,2004,FALSE
331,Empresa_0331,Manufactura,7,250078301,19,1993,FALSE
332,Empresa_0332,Comercio,15,177820824,22,2021,FALSE
333,Empresa_0333,Manufactura,6,431414816,31,2006,FALSE
334,Empresa_0334,Tecnología,7,1233106631,24,2013,FALSE
335,Empresa_0335,Servicios,14,248959566,21,2013,FALSE
336,Empresa_0336,Servicios,14,104909158,22,1987,FALSE
337,Empresa_0337,Manufactura,8,243658628,25,2019,FALSE
338,Empresa_0338,Manufactura,11,629564236,35,1988,FALSE
339,Empresa_0339,Manufactura,7,159735454,34,2022,FALSE
340,Empresa_0340,Salud,11,164477022,22,2009,FALSE
341,Empresa_0341,Servicios,15,135187430,52,1993,FALSE
342,Empresa_0342,Comercio,8,707773849,53,2004,FALSE
343,Empresa_0343,Servicios,9,204610443,10,2006,FALSE
344,Empresa_0344,Comercio,19,535964308,24,1990,FALSE
345,Empresa_0345,Servicios,10,612650389,20,1976,FALSE
346,Empresa_0346,Servicios,8,205639499,10,1976,FALSE
347,Empresa_0347,Salud,13,488281170,75,2007,FALSE
348,Empresa_0348,Servicios,13,235876883,22,1976,FALSE
349,Empresa_0349,Comercio,8,302647026,17,1998,FALSE
350,Empresa_0350,Manufactura,10,549074342,24,1981,FALSE
351,Empresa_0351,Comercio,3,214104815,28,2008,FALSE
352,Empresa_0352,Salud,13,834474117,20,1982,FALSE
353,Empresa_0353,Servicios,14,607422136,26,1980,FALSE
354,Empresa_0354,Comercio,3,219539255,26,1994,FALSE
355,Empresa_0355,Manufactura,7,128263685,28,2016,FALSE
356,Empresa_0356,Salud,8,373668099,37,1977,FALSE
357,Empresa_0357,Manufactura,9,134538791,25,1984,FALSE
358,Empresa_0358,Servicios,16,540723714,25,2023,FALSE
359,Empresa_0359,Servicios,7,495617118,23,2002,FALSE
360,Empresa_0360,Tecnología,10,525329921,37,1983,FALSE
361,Empresa_0361,Comercio,8,342764656,27,2021,FALSE
362,Empresa_0362,Comercio,10,338899733,46,2001,FALSE
363,Empresa_0363,Tecnología,12,243362727,29,2002,FALSE
364,Empresa_0364,Servicios,11,142426687,18,2023,FALSE
365,Empresa_0365,Servicios,10,64653719,24,1992,FALSE
366,Empresa_0366,Tecnología,9,411229764,36,1995,FALSE
367,Empresa_0367,Comercio,6,312953449,27,2022,FALSE
368,Empresa_0368,Comercio,11,3697430233,32,1998,FALSE
369,Empresa_0369,Servicios,10,816726268,23,2007,FALSE
370,Empresa_0370,Servicios,20,416082508,29,2009,FALSE
371,Empresa_0371,Servicios,8,176514948,27,1990,FALSE
372,Empresa_0372,Servicios,8,155156401,29,2016,FALSE
373,Empresa_0373,Tecnología,13,689438732,27,2010,FALSE
374,Empresa_0374,Servicios,3,201122511,30,1995,FALSE
375,Empresa_0375,Servicios,10,501191487,24,1982,FALSE
376,Empresa_0376,Salud,7,536587682,18,2005,FALSE
377,Empresa_0377,Manufactura,14,246230232,25,2023,FALSE
378,Empresa_0378,Comercio,8,231069459,31,1990,FALSE
379,Empresa_0379,Servicios,9,364359020,29,1996,FALSE
380,Empresa_0380,Salud,13,234064648,26,2010,FALSE
381,Empresa_0381,Manufactura,9,328476359,31,1985,FALSE
382,Empresa_0382,Manufactura,10,248218018,26,1984,FALSE
383,Empresa_0383,Servicios,6,780326209,24,2002,FALSE
384,Empresa_0384,Manufactura,16,443096683,21,2010,FALSE
385,Empresa_0385,Servicios,5,239682143,37,2018,FALSE
386,Empresa_0386,Salud,10,276278790,22,1978,FALSE
387,Empresa_0387,Comercio,8,130083407,21,2016,FALSE
388,Empresa_0388,Comercio,5,681694498,28,2024,FALSE
389,Empresa_0389,Comercio,6,258193143,29,1989,FALSE
390,Empresa_0390,Comercio,13,269861458,23,2018,FALSE
391,Empresa_0391,Salud,10,444246880,16,1976,FALSE
392,Empresa_0392,Comercio,7,173704998,29,1993,FALSE
393,Empresa_0393,Manufactura,12,431986625,30,1991,FALSE
394,Empresa_0394,Tecnología,14,1403250247,14,2019,FALSE
395,Empresa_0395,Comercio,9,189517290,29,2020,FALSE
396,Empresa_0396,Comercio,10,263245819,40,1983,FALSE
397,Empresa_0397,Comercio,4,619949282,23,1982,FALSE
398,Empresa_0398,Comercio,9,112767162,22,2019,FALSE
399,Empresa_0399,Comercio,20,295298681,25,2017,FALSE
400,Empresa_0400,Salud,8,557542927,23,2011,FALSE
401,Empresa_0401,Salud,16,547778803,39,2020,FALSE
402,Empresa_0402,Comercio,4,411516502,28,1978,FALSE
403,Empresa_0403,Salud,12,218788415,35,1987,FALSE
404,Empresa_0404,Servicios,6,409465961,14,1977,FALSE
405,Empresa_0405,Servicios,12,449480910,15,2020,FALSE
406,Empresa_0406,Servicios,1,87821503,31,2010,FALSE
407,Empresa_0407,Manufactura,9,366883122,18,1979,FALSE
408,Empresa_0408,Comercio,10,241478037,23,1991,FALSE
409,Empresa_0409,Servicios,5,246982495,22,2008,FALSE
410,Empresa_0410,Manufactura,7,449898955,44,1991,FALSE
411,Empresa_0411,Servicios,8,194494550,14,1984,FALSE
412,Empresa_0412,Tecnología,22,632828596,20,1978,FALSE
413,Empresa_0413,Comercio,11,652339501,14,2020,FALSE
414,Empresa_0414,Servicios,12,240953184,16,2023,FALSE
415,Empresa_0415,Comercio,9,91117888,28,2006,FALSE
416,Empresa_0416,Comercio,15,349843591,25,1979,FALSE
417,Empresa_0417,Salud,8,421149370,36,1988,FALSE
418,Empresa_0418,Servicios,5,1419512034,21,2009,FALSE
419,Empresa_0419,Servicios,10,129748145,20,1984,FALSE
420,Empresa_0420,Comercio,19,471858502,47,1996,FALSE
421,Empresa_0421,Servicios,8,437644490,33,2000,FALSE
422,Empresa_0422,Manufactura,7,562656819,21,1979,FALSE
423,Empresa_0423,Manufactura,10,295731410,35,1975,FALSE
424,Empresa_0424,Servicios,4,147593414,25,2024,FALSE
425,Empresa_0425,Tecnología,2,1001938071,39,2021,FALSE
426,Empresa_0426,Manufactura,9,178441221,24,1992,FALSE
427,Empresa_0427,Servicios,12,270252362,33,1984,FALSE
428,Empresa_0428,Servicios,11,390398294,19,2022,FALSE
429,Empresa_0429,Comercio,16,394123538,21,1989,FALSE
430,Empresa_0430,Tecnología,7,1569344505,38,1991,FALSE
431,Empresa_0431,Salud,9,62428188,17,1994,FALSE
432,Empresa_0432,Servicios,11,269306319,24,2000,FALSE
433,Empresa_0433,Servicios,8,72042726,21,1997,FALSE
434,Empresa_0434,Salud,7,239888130,32,1981,FALSE
435,Empresa_0435,Comercio,11,342939154,22,2022,FALSE
436,Empresa_0436,Manufactura,9,119632907,27,2024,FALSE
437,Empresa_0437,Comercio,9,649293429,49,1988,FALSE
438,Empresa_0438,Servicios,6,126613847,27,1995,FALSE
439,Empresa_0439,Comercio,18,423299874,19,2017,FALSE
440,Empresa_0440,Comercio,11,117633361,19,2018,FALSE
441,Empresa_0441,Comercio,9,289569045,28,1987,FALSE
442,Empresa_0442,Manufactura,11,394668387,22,2021,FALSE
443,Empresa_0443,Manufactura,13,235768823,27,2019,FALSE
444,Empresa_0444,Comercio,12,474345780,26,2005,FALSE
445,Empresa_0445,Tecnología,5,703304258,25,2007,FALSE
446,Empresa_0446,Manufactura,11,261078161,21,1986,FALSE
447,Empresa_0447,Manufactura,7,88081933,37,1975,FALSE
448,Empresa_0448,Comercio,9,273905758,36,2021,FALSE
449,Empresa_0449,Servicios,10,83364783,25,1997,FALSE
450,Empresa_0450,Manufactura,14,686555941,22,1985,FALSE
451,Empresa_0451,Servicios,15,258857594,15,1995,FALSE
452,Empresa_0452,Servicios,7,617671028,27,2001,FALSE
453,Empresa_0453,Comercio,7,425492075,23,2011,FALSE
454,Empresa_0454,Comercio,9,204412642,22,1977,FALSE
455,Empresa_0455,Comercio,10,264838590,25,2008,FALSE
456,Empresa_0456,Tecnología,16,276784724,13,1986,FALSE
457,Empresa_0457,Tecnología,9,263907711,18,1994,FALSE
458,Empresa_0458,Manufactura,11,226291717,46,2012,FALSE
459,Empresa_0459,Comercio,21,809788203,40,1981,FALSE
460,Empresa_0460,Comercio,7,299478868,42,2010,FALSE
461,Empresa_0461,Salud,11,447375724,28,2016,FALSE
462,Empresa_0462,Servicios,13,,18,2017,FALSE
463,Empresa_0463,Servicios,9,66939888,25,1983,FALSE
464,Empresa_0464,Comercio,10,202560736,33,1982,FALSE
465,Empresa_0465,Manufactura,6,165760781,20,1988,FALSE
466,Empresa_0466,Comercio,9,287208562,16,2001,FALSE
467,Empresa_0467,Comercio,13,249937455,19,2020,FALSE
468,Empresa_0468,Manufactura,18,303563309,21,2006,FALSE
469,Empresa_0469,Comercio,9,371763615,27,1998,FALSE
470,Empresa_0470,Tecnología,20,186507936,16,2013,FALSE
471,Empresa_0471,Comercio,9,,28,1996,FALSE
472,Empresa_0472,Tecnología,14,740119209,36,2012,FALSE
473,Empresa_0473,Servicios,12,72426536,18,1995,FALSE
474,Empresa_0474,Manufactura,7,375094124,25,1993,FALSE
475,Empresa_0475,Manufactura,4,257202813,30,1997,FALSE
476,Empresa_0476,Servicios,7,149522635,25,1989,FALSE
477,Empresa_0477,Manufactura,14,172160860,12,1983,FALSE
478,Empresa_0478,Comercio,13,407806029,20,2005,FALSE
479,Empresa_0479,Comercio,11,409966929,20,1989,FALSE
480,Empresa_0480,Manufactura,8,157639076,31,2011,FALSE
481,Empresa_0481,Comercio,10,615499499,23,1980,FALSE
482,Empresa_0482,Tecnología,16,468002932,30,2015,FALSE
483,Empresa_0483,Servicios,13,427560454,17,2002,FALSE
484,Empresa_0484,Manufactura,14,549740235,17,1989,FALSE
485,Empresa_0485,Salud,7,284826629,28,1978,FALSE
486,Empresa_0486,Comercio,11,185437735,35,2015,FALSE
487,Empresa_0487,Comercio,14,377425064,23,2014,FALSE
488,Empresa_0488,Manufactura,7,298476897,31,2013,FALSE
489,Empresa_0489,Servicios,8,62772378,23,2024,FALSE
490,Empresa_0490,Tecnología,7,480878485,21,2001,FALSE
491,Empresa_0491,Salud,15,388960432,18,1984,FALSE
492,Empresa_0492,Comercio,7,180201009,31,1986,FALSE
493,Empresa_0493,Servicios,10,373503553,16,2017,FALSE
494,Empresa_0494,Manufactura,16,109453453,27,1980,FALSE
495,Empresa_0495,Comercio,8,162275830,34,1985,FALSE
496,Empresa_0496,Salud,11,475578335,23,1983,FALSE
497,Empresa_0497,Comercio,5,131663262,16,2002,FALSE
498,Empresa_0498,Comercio,14,277137253,39,1993,FALSE
499,Empresa_0499,Manufactura,15,132495955,43,1993,FALSE
500,Empresa_0500,Tecnología,7,842723038,29,1976,FALSE
501,Empresa_0501,Servicios,9,1145072998,26,1996,FALSE
502,Empresa_0502,Servicios,12,619419160,22,2009,FALSE
503,Empresa_0503,Comercio,7,772934352,32,2021,FALSE
504,Empresa_0504,Comercio,15,161744564,29,2019,FALSE
505,Empresa_0505,Servicios,14,631851252,22,2002,FALSE
506,Empresa_0506,Comercio,7,418756830,25,2007,FALSE
507,Empresa_0507,Servicios,9,131261796,37,2023,FALSE
508,Empresa_0508,Servicios,10,223645263,22,2016,FALSE
509,Empresa_0509,Salud,6,1177344021,28,2020,FALSE
510,Empresa_0510,Servicios,9,259604725,22,1985,FALSE
511,Empresa_0511,Servicios,10,354214837,27,1977,FALSE
512,Empresa_0512,Comercio,8,691842762,47,2021,FALSE
513,Empresa_0513,Tecnología,16,158584846,22,2009,FALSE
514,Empresa_0514,Servicios,11,407089465,21,1996,FALSE
515,Empresa_0515,Manufactura,6,211246620,24,1989,FALSE
516,Empresa_0516,Comercio,9,74475048,22,2023,FALSE
517,Empresa_0517,Servicios,5,459708837,40,2023,FALSE
518,Empresa_0518,Manufactura,11,810970148,28,2000,FALSE
519,Empresa_0519,Comercio,7,176527599,26,2009,FALSE
520,Empresa_0520,Tecnología,9,189141757,19,2017,FALSE
521,Empresa_0521,Servicios,5,288571209,17,1999,FALSE
522,Empresa_0522,Servicios,8,271161312,72,2017,FALSE
523,Empresa_0523,Servicios,3,226916729,33,1981,FALSE
524,Empresa_0524,Comercio,8,272983164,34,2005,FALSE
525,Empresa_0525,Servicios,21,504096859,43,2020,FALSE
526,Empresa_0526,Manufactura,8,311405175,34,1984,FALSE
527,Empresa_0527,Salud,12,1007689181,39,1999,FALSE
528,Empresa_0528,Comercio,12,183274433,12,1992,FALSE
529,Empresa_0529,Salud,9,586152715,34,2024,FALSE
530,Empresa_0530,Servicios,13,278162759,24,1993,FALSE
531,Empresa_0531,Salud,7,889773378,43,2001,FALSE
532,Empresa_0532,Manufactura,11,,22,1982,FALSE
533,Empresa_0533,Servicios,7,263558048,22,1986,FALSE
534,Empresa_0534,Tecnología,13,282975434,22,2000,FALSE
535,Empresa_0535,Comercio,12,596648047,41,1981,FALSE
536,Empresa_0536,Manufactura,10,311003017,23,2003,FALSE
537,Empresa_0537,Servicios,6,406927471,22,1996,FALSE
538,Empresa_0538,Tecnología,14,139079469,19,1998,FALSE
539,Empresa_0539,Servicios,15,433368668,27,1981,FALSE
540,Empresa_0540,Comercio,7,150800209,27,2019,FALSE
541,Empresa_0541,Tecnología,11,548244762,20,1997,FALSE
542,Empresa_0542,Comercio,12,977541836,27,2015,FALSE
543,Empresa_0543,Tecnología,8,100819332,23,1995,FALSE
544,Empresa_0544,Comercio,11,503841935,22,1983,FALSE
545,Empresa_0545,Manufactura,13,392697418,23,1990,FALSE
546,Empresa_0546,Salud,2,123986084,16,2024,FALSE
547,Empresa_0547,Comercio,11,176869557,14,2001,FALSE
548,Empresa_0548,Tecnología,13,412580838,12,1986,FALSE
549,Empresa_0549,Tecnología,7,234788700,27,1985,FALSE
550,Empresa_0550,Servicios,13,291393609,26,1975,FALSE
551,Empresa_0551,Servicios,9,674801215,22,2003,FALSE
552,Empresa_0552,Comercio,9,284272701,21,1995,FALSE
553,Empresa_0553,Servicios,10,307521946,23,2009,FALSE
554,Empresa_0554,Tecnología,9,122382051,22,1997,FALSE
555,Empresa_0555,Servicios,9,227761047,36,2020,FALSE
556,Empresa_0556,Manufactura,12,509948596,26,2002,FALSE
557,Empresa_0557,Manufactura,10,246640859,31,1994,FALSE
558,Empresa_0558,Servicios,15,51091748,22,2024,FALSE
559,Empresa_0559,Servicios,11,543830924,29,2006,FALSE
560,Empresa_0560,Comercio,12,846089263,19,1981,FALSE
561,Empresa_0561,Comercio,13,625382371,24,1985,FALSE
562,Empresa_0562,Salud,10,321325828,24,2012,FALSE
563,Empresa_0563,Manufactura,15,177585511,22,2022,FALSE
564,Empresa_0564,Comercio,12,263331150,34,1987,FALSE
565,Empresa_0565,Manufactura,11,418610325,23,2022,FALSE
566,Empresa_0566,Manufactura,11,,20,1988,FALSE
567,Empresa_0567,Servicios,10,340130422,44,2003,FALSE
568,Empresa_0568,Tecnología,7,764755452,27,1989,FALSE
569,Empresa_0569,Servicios,10,167202720,19,1981,FALSE
570,Empresa_0570,Tecnología,10,566156971,25,1975,FALSE
571,Empresa_0571,Servicios,8,453304659,27,1990,FALSE
572,Empresa_0572,Salud,10,1345634050,31,1981,FALSE
573,Empresa_0573,Manufactura,8,45304323,15,2008,FALSE
574,Empresa_0574,Servicios,13,157189867,18,1976,FALSE
575,Empresa_0575,Salud,6,70650190,31,2011,FALSE
576,Empresa_0576,Manufactura,15,323975717,33,2022,FALSE
577,Empresa_0577,Servicios,8,727574600,20,1998,FALSE
578,Empresa_0578,Comercio,19,207693576,28,2000,FALSE
579,Empresa_0579,Servicios,9,197329867,25,1996,FALSE
580,Empresa_0580,Servicios,13,467363715,26,2016,FALSE
581,Empresa_0581,Tecnología,12,235902161,27,2000,FALSE
582,Empresa_0582,Tecnología,8,893163494,18,1995,FALSE
583,Empresa_0583,Tecnología,4,878396220,28,2018,FALSE
584,Empresa_0584,Servicios,9,288930963,22,2024,FALSE
585,Empresa_0585,Tecnología,4,559315737,26,2015,FALSE
586,Empresa_0586,Comercio,10,1158866030,44,2002,FALSE
587,Empresa_0587,Comercio,10,324486827,19,1980,FALSE
588,Empresa_0588,Manufactura,16,221360881,23,2018,FALSE
589,Empresa_0589,Salud,9,538986852,16,2007,FALSE
590,Empresa_0590,Manufactura,11,655676281,33,1990,FALSE
591,Empresa_0591,Servicios,22,157473980,40,1982,FALSE
592,Empresa_0592,Comercio,6,399093011,16,1992,FALSE
593,Empresa_0593,Salud,12,880590153,37,1989,FALSE
594,Empresa_0594,Comercio,8,514243937,35,1997,FALSE
595,Empresa_0595,Comercio,12,303993615,22,1989,FALSE
596,Empresa_0596,Tecnología,5,516765358,31,2015,FALSE
597,Empresa_0597,Servicios,6,342135321,22,1978,FALSE
598,Empresa_0598,Servicios,12,342063394,43,2006,FALSE
599,Empresa_0599,Tecnología,9,586593852,29,2006,FALSE
600,Empresa_0600,Comercio,11,138541774,28,2021,FALSE
601,Empresa_0601,Comercio,11,956387347,20,1998,FALSE
602,Empresa_0602,Manufactura,11,535081157,30,2013,FALSE
603,Empresa_0603,Comercio,9,312007269,23,2020,FALSE
604,Empresa_0604,Servicios,12,556868002,31,2014,FALSE
605,Empresa_0605,Comercio,11,64594340,13,1984,FALSE
606,Empresa_0606,Tecnología,14,287006222,20,2015,FALSE
607,Empresa_0607,Comercio,7,347828955,10,1981,FALSE
608,Empresa_0608,Tecnología,19,381181879,34,1978,FALSE
609,Empresa_0609,Servicios,9,211320637,18,1984,FALSE
610,Empresa_0610,Servicios,19,141679962,18,2007,FALSE
611,Empresa_0611,Manufactura,14,587094727,34,1997,FALSE
612,Empresa_0612,Comercio,3,273126977,29,1975,FALSE
613,Empresa_0613,Comercio,13,334455469,28,2018,FALSE
614,Empresa_0614,Salud,10,370550035,21,1988,FALSE
615,Empresa_0615,Manufactura,10,70193824,16,2005,FALSE
616,Empresa_0616,Tecnología,14,461493874,32,2008,FALSE
617,Empresa_0617,Tecnología,7,392324595,26,1986,FALSE
618,Empresa_0618,Manufactura,11,249982525,19,2013,FALSE
619,Empresa_0619,Salud,5,181235143,31,1997,FALSE
620,Empresa_0620,Comercio,8,153947723,17,1975,FALSE
621,Empresa_0621,Salud,16,85173104,17,2009,FALSE
622,Empresa_0622,Tecnología,7,371500255,21,2010,FALSE
623,Empresa_0623,Manufactura,8,181092011,31,2018,FALSE
624,Empresa_0624,Servicios,18,140585118,17,1991,FALSE
625,Empresa_0625,Comercio,12,560142064,22,1995,FALSE
626,Empresa_0626,Servicios,9,354589029,12,2017,FALSE
627,Empresa_0627,Comercio,12,141050085,31,1991,FALSE
628,Empresa_0628,Tecnología,1,304512617,25,2003,FALSE
629,Empresa_0629,Servicios,3,505101305,17,1993,FALSE
630,Empresa_0630,Servicios,12,281204044,13,1990,FALSE
631,Empresa_0631,Manufactura,16,119742803,35,2013,FALSE
632,Empresa_0632,Tecnología,11,373935257,18,2024,FALSE
633,Empresa_0633,Servicios,5,214591743,24,1983,FALSE
634,Empresa_0634,Manufactura,5,142496903,27,1994,FALSE
635,Empresa_0635,Comercio,8,62398418,20,2008,FALSE
636,Empresa_0636,Comercio,8,358088254,20,1995,FALSE
637,Empresa_0637,Salud,13,368066538,12,1978,FALSE
638,Empresa_0638,Manufactura,16,212036877,12,1979,FALSE
639,Empresa_0639,Tecnología,13,196591106,24,2021,FALSE
640,Empresa_0640,Servicios,7,270558050,25,1993,FALSE
641,Empresa_0641,Manufactura,10,463421070,36,1988,FALSE
642,Empresa_0642,Tecnología,13,456217819,30,1998,FALSE
643,Empresa_0643,Tecnología,9,767617740,27,2016,FALSE
644,Empresa_0644,Servicios,12,164697300,51,1997,FALSE
645,Empresa_0645,Comercio,14,125087025,27,1997,FALSE
646,Empresa_0646,Manufactura,14,339601632,35,2006,FALSE
647,Empresa_0647,Manufactura,9,339047878,28,1981,FALSE
648,Empresa_0648,Comercio,12,454130146,21,2004,FALSE
649,Empresa_0649,Servicios,12,81504697,37,2013,FALSE
650,Empresa_0650,Manufactura,11,588174025,34,2024,FALSE
651,Empresa_0651,Manufactura,13,135288219,17,1997,FALSE
652,Empresa_0652,Salud,14,292641825,20,2007,FALSE
653,Empresa_0653,Servicios,6,555897440,21,2006,FALSE
654,Empresa_0654,Servicios,10,82862712,33,1975,FALSE
655,Empresa_0655,Manufactura,7,367263988,28,1978,FALSE
656,Empresa_0656,Tecnología,5,307510260,36,2010,FALSE
657,Empresa_0657,Salud,11,339273135,32,1986,FALSE
658,Empresa_0658,Comercio,14,246553661,18,1976,FALSE
659,Empresa_0659,Servicios,15,308244119,17,1999,FALSE
660,Empresa_0660,Servicios,10,194534990,36,2004,FALSE
661,Empresa_0661,Tecnología,2,141779122,29,2009,FALSE
662,Empresa_0662,Tecnología,14,1246596036,45,2005,FALSE
663,Empresa_0663,Comercio,15,196676573,30,2004,FALSE
664,Empresa_0664,Manufactura,10,247618550,25,1992,FALSE
665,Empresa_0665,Comercio,9,326297284,28,2023,FALSE
666,Empresa_0666,Comercio,16,154678101,33,1983,FALSE
667,Empresa_0667,Salud,3,146005311,18,1981,FALSE
668,Empresa_0668,Comercio,10,842921131,34,1997,FALSE
669,Empresa_0669,Manufactura,12,884804170,24,1991,FALSE
670,Empresa_0670,Comercio,12,321637817,35,2005,FALSE
671,Empresa_0671,Comercio,6,953509212,35,1987,FALSE
672,Empresa_0672,Servicios,9,356019103,34,1986,FALSE
673,Empresa_0673,Comercio,14,366157641,25,2016,FALSE
674,Empresa_0674,Comercio,8,236996327,22,2016,FALSE
675,Empresa_0675,Servicios,12,316623635,19,1996,FALSE
676,Empresa_0676,Manufactura,14,,34,2011,FALSE
677,Empresa_0677,Tecnología,12,303624217,16,1995,FALSE
678,Empresa_0678,Comercio,22,134773638,27,2018,FALSE
679,Empresa_0679,Servicios,15,131998464,18,2023,FALSE
680,Empresa_0680,Servicios,15,779590748,31,2024,FALSE
681,Empresa_0681,Manufactura,14,155237144,41,1998,FALSE
682,Empresa_0682,Manufactura,10,631598805,34,1978,FALSE
683,Empresa_0683,Tecnología,15,357823466,23,2016,FALSE
684,Empresa_0684,Tecnología,15,638454883,19,1986,FALSE
685,Empresa_0685,Salud,1,418201096,39,2014,FALSE
686,Empresa_0686,Servicios,9,157059033,30,2015,FALSE
687,Empresa_0687,Servicios,14,144224352,10,2009,FALSE
688,Empresa_0688,Comercio,8,41621526,33,1996,FALSE
689,Empresa_0689,Servicios,7,156568885,33,1995,FALSE
690,Empresa_0690,Comercio,15,325820921,24,1991,FALSE
691,Empresa_0691,Comercio,9,284794594,25,1986,FALSE
692,Empresa_0692,Manufactura,9,576999893,35,1985,FALSE
693,Empresa_0693,Servicios,22,172012776,35,1997,FALSE
694,Empresa_0694,Comercio,14,291192971,28,1989,FALSE
695,Empresa_0695,Comercio,11,223157941,16,2005,FALSE
696,Empresa_0696,Manufactura,15,215518150,18,2002,FALSE
697,Empresa_0697,Comercio,1,72264561,16,1991,FALSE
698,Empresa_0698,Comercio,10,311351843,14,2004,FALSE
699,Empresa_0699,Servicios,13,,17,1983,FALSE
700,Empresa_0700,Servicios,12,235189281,14,1990,FALSE
701,Empresa_0701,Tecnología,18,358095680,32,2001,FALSE
702,Empresa_0702,Comercio,1,125639212,31,2002,FALSE
703,Empresa_0703,Comercio,12,273676419,38,2000,FALSE
704,Empresa_0704,Tecnología,11,630772434,30,2007,FALSE
705,Empresa_0705,Servicios,6,494885558,20,1999,FALSE
706,Empresa_0706,Manufactura,7,608421197,32,2004,FALSE
707,Empresa_0707,Servicios,7,206949286,33,1984,FALSE
708,Empresa_0708,Servicios,12,91785268,14,2007,FALSE
709,Empresa_0709,Comercio,12,246041103,19,2013,FALSE
710,Empresa_0710,Servicios,13,260987256,20,2018,FALSE
711,Empresa_0711,Manufactura,12,334796320,26,2002,FALSE
712,Empresa_0712,Servicios,2,220217553,27,1993,FALSE
713,Empresa_0713,Manufactura,15,100979480,23,1988,FALSE
714,Empresa_0714,Manufactura,11,539549834,30,1977,FALSE
715,Empresa_0715,Servicios,8,140747851,26,2011,FALSE
716,Empresa_0716,Servicios,8,178776999,19,2018,FALSE
717,Empresa_0717,Comercio,9,61107947,23,2007,FALSE
718,Empresa_0718,Comercio,8,1257616174,32,1976,FALSE
719,Empresa_0719,Salud,8,612304510,33,2020,FALSE
720,Empresa_0720,Comercio,10,138245493,48,1981,FALSE
721,Empresa_0721,Servicios,6,372736997,39,2021,FALSE
722,Empresa_0722,Manufactura,9,231273027,29,1991,FALSE
723,Empresa_0723,Manufactura,14,795826807,18,2019,FALSE
724,Empresa_0724,Tecnología,12,1019839808,19,2014,FALSE
725,Empresa_0725,Manufactura,14,998744906,18,1993,FALSE
726,Empresa_0726,Manufactura,9,260100052,38,1996,FALSE
727,Empresa_0727,Tecnología,9,,41,2007,FALSE
728,Empresa_0728,Manufactura,8,1417285555,41,2009,FALSE
729,Empresa_0729,Tecnología,13,352365975,18,1979,FALSE
730,Empresa_0730,Comercio,10,176741092,25,1997,FALSE
731,Empresa_0731,Servicios,15,481567820,17,1976,FALSE
732,Empresa_0732,Tecnología,6,238199481,9,2013,FALSE
733,Empresa_0733,Manufactura,17,401010013,24,1996,FALSE
734,Empresa_0734,Salud,8,185692777,21,1991,FALSE
735,Empresa_0735,Comercio,8,552306854,33,2006,FALSE
736,Empresa_0736,Servicios,11,104814301,45,2019,FALSE
737,Empresa_0737,Tecnología,8,1071618507,32,2006,FALSE
738,Empresa_0738,Salud,11,207605066,37,1978,FALSE
739,Empresa_0739,Servicios,18,545141425,16,2008,FALSE
740,Empresa_0740,Comercio,12,597106859,23,1978,FALSE
741,Empresa_0741,Salud,9,260773547,25,1982,FALSE
742,Empresa_0742,Comercio,5,554949734,42,1977,FALSE
743,Empresa_0743,Comercio,8,147644602,28,2005,FALSE
744,Empresa_0744,Manufactura,7,1621763598,28,2015,FALSE
745,Empresa_0745,Servicios,6,104916987,25,1982,FALSE
746,Empresa_0746,Servicios,11,599442828,33,2013,FALSE
747,Empresa_0747,Tecnología,9,424974120,33,2014,FALSE
748,Empresa_0748,Comercio,12,514839760,24,1978,FALSE
749,Empresa_0749,Manufactura,13,188584466,24,1996,FALSE
750,Empresa_0750,Salud,21,499750480,13,1998,FALSE
751,Empresa_0751,Comercio,20,194288344,17,2005,FALSE
752,Empresa_0752,Comercio,9,,12,1998,FALSE
753,Empresa_0753,Comercio,12,251582457,22,1998,FALSE
754,Empresa_0754,Comercio,8,,23,1985,FALSE
755,Empresa_0755,Servicios,8,74498985,23,2001,FALSE
756,Empresa_0756,Servicios,11,335938145,20,2017,FALSE
757,Empresa_0757,Servicios,6,139546740,25,2012,FALSE
758,Empresa_0758,Tecnología,11,452044755,21,2010,FALSE
759,Empresa_0759,Comercio,8,197849233,21,1975,FALSE
760,Empresa_0760,Comercio,1,270270564,29,2009,FALSE
761,Empresa_0761,Servicios,5,265662951,26,1985,FALSE
762,Empresa_0762,Comercio,11,240219586,17,2009,FALSE
763,Empresa_0763,Servicios,15,306923678,22,1992,FALSE
764,Empresa_0764,Servicios,10,288468377,28,1982,FALSE
765,Empresa_0765,Servicios,12,94991101,26,2022,FALSE
766,Empresa_0766,Comercio,10,409464567,21,2010,FALSE
767,Empresa_0767,Comercio,10,97910110,42,2008,FALSE
768,Empresa_0768,Servicios,17,405407861,31,2005,FALSE
769,Empresa_0769,Manufactura,9,265126543,25,1992,FALSE
770,Empresa_0770,Manufactura,16,326811327,35,2014,FALSE
771,Empresa_0771,Salud,11,444441909,33,2006,FALSE
772,Empresa_0772,Tecnología,9,455884868,17,2003,FALSE
773,Empresa_0773,Manufactura,5,147216549,30,2018,FALSE
774,Empresa_0774,Tecnología,8,162836184,38,1991,FALSE
775,Empresa_0775,Comercio,9,185776152,24,2012,FALSE
776,Empresa_0776,Comercio,14,616748380,29,1989,FALSE
777,Empresa_0777,Servicios,9,169565841,20,1995,FALSE
778,Empresa_0778,Servicios,12,647414251,23,1987,FALSE
779,Empresa_0779,Manufactura,11,211493615,26,2001,FALSE
780,Empresa_0780,Tecnología,12,320814180,24,2012,FALSE
781,Empresa_0781,Comercio,13,427756109,32,1997,FALSE
782,Empresa_0782,Tecnología,9,711038665,22,1984,FALSE
783,Empresa_0783,Comercio,10,207667219,26,2019,FALSE
784,Empresa_0784,Manufactura,9,,18,1990,FALSE
785,Empresa_0785,Tecnología,15,700868717,39,2009,FALSE
786,Empresa_0786,Servicios,13,1937127142,27,2015,FALSE
787,Empresa_0787,Comercio,13,156125025,18,2021,FALSE
788,Empresa_0788,Comercio,8,166363169,16,2012,FALSE
789,Empresa_0789,Comercio,12,168877478,21,2003,FALSE
790,Empresa_0790,Salud,8,137796641,22,1983,FALSE
791,Empresa_0791,Salud,5,88141371,29,2022,FALSE
792,Empresa_0792,Servicios,4,230081259,20,1993,FALSE
793,Empresa_0793,Comercio,13,139669469,23,2010,FALSE
794,Empresa_0794,Servicios,13,260751019,24,2004,FALSE
795,Empresa_0795,Tecnología,8,345150175,23,1996,FALSE
796,Empresa_0796,Servicios,9,173926113,24,2019,FALSE
797,Empresa_0797,Comercio,7,157544292,10,2002,FALSE
798,Empresa_0798,Comercio,10,223088316,19,2013,FALSE
799,Empresa_0799,Servicios,14,239354874,18,2022,FALSE
800,Empresa_0800,Comercio,11,126996086,38,1985,FALSE
